busiNo,company,tag
1018183356,(주)샤뽀,퇴근
1018183356,(주)샤뽀,정시
1018183356,(주)샤뽀,기준
1018183356,(주)샤뽀,준수
1018183356,(주)샤뽀,상황
1018183356,(주)샤뽀,개인
1018183356,(주)샤뽀,모두
1018615912,(주)아시아경제,식권
1018615912,(주)아시아경제,직원
1018615912,(주)아시아경제,식비전자
1018615912,(주)아시아경제,휴식
1018615912,(주)아시아경제,학비
1018615912,(주)아시아경제,자녀
1018615912,(주)아시아경제,지원
1018662676,(주)진학어플라이,해외
1018662676,(주)진학어플라이,1시간
1028700175,(주)엠코전자,포상
1028700175,(주)엠코전자,정시
1028700175,(주)엠코전자,장기
1028700175,(주)엠코전자,해외
1028700175,(주)엠코전자,본사
1028700175,(주)엠코전자,출퇴
1028700175,(주)엠코전자,투어
1048171655,(주)고영테크놀러지,사내
1048171655,(주)고영테크놀러지,셔틀버스
1048171655,(주)고영테크놀러지,생일
1048171655,(주)고영테크놀러지,카페
1048171655,(주)고영테크놀러지,개인
1048171655,(주)고영테크놀러지,주차공간
1048171655,(주)고영테크놀러지,지원
1051071717,온플러스,관련
1051071717,온플러스,자기계발비
1051071717,온플러스,지원
1051071717,온플러스,교육비
1058141076,(유)덕양무역,자기
1058141076,(유)덕양무역,직원
1058141076,(유)덕양무역,개발
1058141076,(유)덕양무역,지원
1058141076,(유)덕양무역,지급
1058141076,(유)덕양무역,사원
1058141076,(유)덕양무역,식비
1058146727,(주)제이오텍,자녀
1058146727,(주)제이오텍,휴가
1058146727,(주)제이오텍,경조사
1058146727,(주)제이오텍,축구
1058146727,(주)제이오텍,학자금제도
1058146727,(주)제이오텍,등산
1058146727,(주)제이오텍,농구
1058175799,복정제형(주),명절선물
1058175799,복정제형(주),보험
1058175799,복정제형(주),건강검진
1058175799,복정제형(주),우수사원
1058175799,복정제형(주),포상
1058705373,(주)유앤피플,보험
1058705373,(주)유앤피플,근로자
1058705373,(주)유앤피플,휴가
1058705373,(주)유앤피플,지원
1058705373,(주)유앤피플,자기
1058711399,(주)퓨쳐누리,보험
1058711399,(주)퓨쳐누리,퇴직연금
1058711399,(주)퓨쳐누리,경조금
1058726271,(주)엔에이치엔여행박사,오전
1058726271,(주)엔에이치엔여행박사,지원
1058726271,(주)엔에이치엔여행박사,현금
1058726271,(주)엔에이치엔여행박사,자율출근제
1058726271,(주)엔에이치엔여행박사,지급
1058726271,(주)엔에이치엔여행박사,폐지
1058726271,(주)엔에이치엔여행박사,정년제도
1068179051,(주)이십일세기소프트,1회
1068179051,(주)이십일세기소프트,교통비
1068179051,(주)이십일세기소프트,해외워크숍
1068179051,(주)이십일세기소프트,사내동호회
1068189904,(주)지지옥션,해외여행
1068189904,(주)지지옥션,지원
1068189904,(주)지지옥션,자녀
1068612680,(주)이노퍼스트,3만원
1068612680,(주)이노퍼스트,케이크
1068612680,(주)이노퍼스트,선물
1068612680,(주)이노퍼스트,명절의
1068612680,(주)이노퍼스트,4대보험
1068612680,(주)이노퍼스트,단체
1068612680,(주)이노퍼스트,창립
1068681417,(주)캠퍼스멘토,캠퍼스멘토
1068681417,(주)캠퍼스멘토,가장
1068681417,(주)캠퍼스멘토,사내
1068681417,(주)캠퍼스멘토,기업
1068681417,(주)캠퍼스멘토,설립
1078133214,(주)동원아이팜,사원
1078133214,(주)동원아이팜,운동
1078133214,(주)동원아이팜,지원
1078133214,(주)동원아이팜,족구
1078133214,(주)동원아이팜,자녀학자금과
1078133214,(주)동원아이팜,사내
1078133214,(주)동원아이팜,자가운전비
1078137317,(주)청우하이드로,일정액
1078137317,(주)청우하이드로,제주도
1078137317,(주)청우하이드로,20
1078137317,(주)청우하이드로,식당
1078137317,(주)청우하이드로,여행
1078137317,(주)청우하이드로,분기별
1078137317,(주)청우하이드로,부부동반
1078628206,(주)지앤지커머스,결혼기념일
1078628206,(주)지앤지커머스,임직원
1078628206,(주)지앤지커머스,직원
1078785562,(주)리스트,소유
1078785562,(주)리스트,매월
1078785562,(주)리스트,향수
1078785562,(주)리스트,공방
1078785562,(주)리스트,가죽
1078785562,(주)리스트,마지
1078785562,(주)리스트,근무
1078840539,(주)디알텍,매년
1078840539,(주)디알텍,대학병원급
1078840539,(주)디알텍,직원
1098611375,(주)넷앤드,원의
1098611375,(주)넷앤드,직급별로
1098611375,(주)넷앤드,축하금
1098611375,(주)넷앤드,연말
1098611375,(주)넷앤드,승진
1098611375,(주)넷앤드,유급
1098611375,(주)넷앤드,지원
1108177974,(주)지앤티솔루션,경조금휴가제공
1108177974,(주)지앤티솔루션,명절
1138126697,삼환강업(주),체력
1138126697,삼환강업(주),출퇴
1138196801,엘에스웨어(주),직원
1138196801,엘에스웨어(주),휴게실
1138196801,엘에스웨어(주),장기
1138196801,엘에스웨어(주),포상
1138196801,엘에스웨어(주),근속
1138196801,엘에스웨어(주),존재
1138196801,엘에스웨어(주),수면
1138642090,(주)에스에스알,자격증
1138642090,(주)에스에스알,정보처리기사
1138642090,(주)에스에스알,멘사
1148165048,한국프라임제약(주),해외
1148165048,한국프라임제약(주),베트
1148165048,한국프라임제약(주),연수
1148182595,(주)싸인텔레콤,명절
1148182595,(주)싸인텔레콤,상여금
1148182595,(주)싸인텔레콤,자차
1148182595,(주)싸인텔레콤,성과
1148182595,(주)싸인텔레콤,기름
1148182595,(주)싸인텔레콤,구내
1148639322,지온컨설팅(주),퇴직
1148639322,지온컨설팅(주),도산
1148667361,(주)유브레인커뮤니케이션즈,독서
1148667361,(주)유브레인커뮤니케이션즈,드림
1148667361,(주)유브레인커뮤니케이션즈,우수
1168136030,(주)피에스아이컨설팅,식비
1168136030,(주)피에스아이컨설팅,교통비
1168136030,(주)피에스아이컨설팅,해외연수
1168136030,(주)피에스아이컨설팅,자기개발비
1168136030,(주)피에스아이컨설팅,장기
1178103361,(주)현보,헬스장
1178103361,(주)현보,탁구장
1178117259,(주)코디박,다른
1178117259,(주)코디박,기업
1198103483,서울디엔에스(주),사람
1198103483,서울디엔에스(주),이용
1198103483,서울디엔에스(주),체육실
1198103483,서울디엔에스(주),기숙
1198103483,서울디엔에스(주),원하는
1198103483,서울디엔에스(주),근로
1198103483,서울디엔에스(주),언제
1198194062,(주)팟빵,2시
1198194062,(주)팟빵,조기
1198680767,열림정보시스템(주),지원
1198681617,(주)나무애니메이션,1회
1198681617,(주)나무애니메이션,2개월
1198681617,(주)나무애니메이션,지원
1198681617,(주)나무애니메이션,직원
1198681617,(주)나무애니메이션,음료
1208102621,서천건설(주),기숙사
1208102621,서천건설(주),교통비
1208102621,서천건설(주),현장별
1208102621,서천건설(주),1회
1208102621,서천건설(주),실시연
1208102621,서천건설(주),지급연
1208102621,서천건설(주),직무
1208610499,(주)엠서클,영화
1208610499,(주)엠서클,와인
1208610499,(주)엠서클,근로자
1208610499,(주)엠서클,휴가
1208610499,(주)엠서클,클래스
1208610499,(주)엠서클,다양
1208610499,(주)엠서클,컬러
1208666862,(주)제이씨원,워크숍
1208666862,(주)제이씨원,업무활동비
1208666862,(주)제이씨원,창립기념일
1208666862,(주)제이씨원,체력
1208666862,(주)제이씨원,송년회
1208679936,(주)비아이매트릭스,여러가지
1208679936,(주)비아이매트릭스,구비
1208679936,(주)비아이매트릭스,음료수
1208679936,(주)비아이매트릭스,냉장고
1208679936,(주)비아이매트릭스,피로
1208679936,(주)비아이매트릭스,안마
1208679936,(주)비아이매트릭스,노력
1208718289,(주)도브투래빗,휴게실
1208718289,(주)도브투래빗,리프레쉬
1208718289,(주)도브투래빗,금요일
1208718289,(주)도브투래빗,월차
1208718289,(주)도브투래빗,카페테리아
1208718289,(주)도브투래빗,월아리
1208718289,(주)도브투래빗,동아리
1208803783,(주)에너지로드,공제
1208803783,(주)에너지로드,직원
1208803783,(주)에너지로드,지원
1208808982,(주)미스터픽,무비데이
1208808982,(주)미스터픽,팀빌딩
1208808982,(주)미스터픽,오아시스
1208808982,(주)미스터픽,제도
1208808982,(주)미스터픽,진행
1208808982,(주)미스터픽,퇴근
1218133923,천일엔지니어링(주),연수
1218133923,천일엔지니어링(주),파견
1218135936,(주)라온테크,지원
1218135936,(주)라온테크,장기
1218135936,(주)라온테크,경조사
1218135936,(주)라온테크,근속자
1218135936,(주)라온테크,구내
1218135936,(주)라온테크,포상
1218135936,(주)라온테크,카페
1218626733,(주)매니지온,직원
1218626733,(주)매니지온,있다
1228171556,한국요꼬가와일렉트로닉스매뉴팩처링(주),경조금
1228171556,한국요꼬가와일렉트로닉스매뉴팩처링(주),종합건강검진
1228171556,한국요꼬가와일렉트로닉스매뉴팩처링(주),주택구입보조금
1228171556,한국요꼬가와일렉트로닉스매뉴팩처링(주),10
1228171556,한국요꼬가와일렉트로닉스매뉴팩처링(주),명의
1233269701,웰빙헬스팜,사장님
1233269701,웰빙헬스팜,눈치
1233269701,웰빙헬스팜,점들
1233269701,웰빙헬스팜,정말
1233269701,웰빙헬스팜,중장
1233269701,웰빙헬스팜,부분
1233269701,웰빙헬스팜,아쉬운건
1238106174,(주)휴니드테크놀러지스,통근
1238106174,(주)휴니드테크놀러지스,버스
1238106174,(주)휴니드테크놀러지스,4개
1238106174,(주)휴니드테크놀러지스,직원
1238106174,(주)휴니드테크놀러지스,노선
1238106174,(주)휴니드테크놀러지스,설치
1238126054,서호전기(주),장기
1238126054,서호전기(주),보험
1238126054,서호전기(주),인센
1238187177,(주)바이오노트,이상
1238187177,(주)바이오노트,근무자
1238187177,(주)바이오노트,1년
1238187177,(주)바이오노트,휴가
1248117179,상신이디피(주),경조사
1248117179,상신이디피(주),지원
1248117179,상신이디피(주),체육대회
1248117179,상신이디피(주),동절기
1248117179,상신이디피(주),근무
1248117179,상신이디피(주),지급
1248117179,상신이디피(주),생일
1248129001,주성엔지니어링(주),모두
1248129001,주성엔지니어링(주),임직원
1248129001,주성엔지니어링(주),실시
1248129001,주성엔지니어링(주),제공
1248129001,주성엔지니어링(주),건강
1248129001,주성엔지니어링(주),사내식당
1248129001,주성엔지니어링(주),지원
1248177371,디비비전(주),지급
1248177371,디비비전(주),상품권
1248177371,디비비전(주),인센티브
1248177371,디비비전(주),명절
1248601105,(주)푸른가족농업회사법인,휴가
1248601105,(주)푸른가족농업회사법인,인근
1248601105,(주)푸른가족농업회사법인,사무실
1248601105,(주)푸른가족농업회사법인,식당
1248601105,(주)푸른가족농업회사법인,포상
1248601105,(주)푸른가족농업회사법인,지원
1248601105,(주)푸른가족농업회사법인,장기
1248602593,(주)빅솔론,같은
1248602593,(주)빅솔론,의료복지
1248602593,(주)빅솔론,500
1248602593,(주)빅솔론,삼성
1248602593,(주)빅솔론,결혼
1248602593,(주)빅솔론,자기
1248602593,(주)빅솔론,사망
1248604801,(주)팜크로스,인센티브제도
1248604801,(주)팜크로스,구내식당
1248618625,(주)케이에스시스템,단체
1248618625,(주)케이에스시스템,농구
1248618625,(주)케이에스시스템,축구
1248618625,(주)케이에스시스템,발야구
1248618625,(주)케이에스시스템,줄넘
1248618625,(주)케이에스시스템,아침
1248686370,(주)타이드스퀘어,지원
1248686370,(주)타이드스퀘어,연속
1248686370,(주)타이드스퀘어,정부
1248686370,(주)타이드스퀘어,공제
1248686370,(주)타이드스퀘어,5년
1248686370,(주)타이드스퀘어,직원
1248686370,(주)타이드스퀘어,도서
1248694297,(주)케이씨엠테크놀로지,연차
1248694297,(주)케이씨엠테크놀로지,정기휴가
1248694297,(주)케이씨엠테크놀로지,기숙사운영
1248694297,(주)케이씨엠테크놀로지,통근
1248726063,(주)아이풀,가입
1248726063,(주)아이풀,보험
1248726063,(주)아이풀,기숙
1258102096,농심켈로그(주),리더십
1258102096,농심켈로그(주),출석
1258102096,농심켈로그(주),독서통신
1258102096,농심켈로그(주),구매
1258102096,농심켈로그(주),육아휴직
1258102096,농심켈로그(주),5년
1258102096,농심켈로그(주),교육비
1258122883,한신플라텍(주),상여금
1258122883,한신플라텍(주),명절
1258122883,한신플라텍(주),여름휴가
1258124896,유양기술(주),배치
1258124896,유양기술(주),지원
1258124896,유양기술(주),체력단련실
1258124896,유양기술(주),경조금
1258124896,유양기술(주),50
1258124896,유양기술(주),동호회
1258124896,유양기술(주),장기
1258132455,(주)삼공이엔지,자격
1258137708,안성의료복지사회적협동조합,지원
1258137708,안성의료복지사회적협동조합,안성군
1258137708,안성의료복지사회적협동조합,지역
1258137708,안성의료복지사회적협동조합,1987년
1258137708,안성의료복지사회적협동조합,4월
1258137708,안성의료복지사회적협동조합,균형
1258137708,안성의료복지사회적협동조합,복지
1258149145,(주)테키스트,50를
1258149145,(주)테키스트,화성의
1258149145,(주)테키스트,사이
1258149145,(주)테키스트,6개
1258149145,(주)테키스트,예방접종
1258149145,(주)테키스트,자기계발
1258149145,(주)테키스트,캠퍼스
1268171709,영진아이엔디(주),지원
1268171709,영진아이엔디(주),조식
1268171709,영진아이엔디(주),생일축하금
1268658735,(주)수내츄럴,연장
1268658735,(주)수내츄럴,근무
1268658735,(주)수내츄럴,직원
1268658735,(주)수내츄럴,5일
1278108140,(주)엠소닉,직원
1278112343,(주)해마,지원
1278112343,(주)해마,개인
1278112343,(주)해마,동호회
1278112343,(주)해마,기념
1278117936,(주)대흥쿨러,팀별
1278117936,(주)대흥쿨러,매년
1278117936,(주)대흥쿨러,지원
1278117936,(주)대흥쿨러,사내
1278117936,(주)대흥쿨러,동호
1278117936,(주)대흥쿨러,분기
1278117936,(주)대흥쿨러,우수
1278126245,(주)명성기업,요금
1278126245,(주)명성기업,포함를
1278126245,(주)명성기업,핸드폰
1278126245,(주)명성기업,렌터카
1278126245,(주)명성기업,말하자면
1278126245,(주)명성기업,별도
1278126245,(주)명성기업,기준
1278135614,(주)네추럴웨이,직무능력
1278135614,(주)네추럴웨이,지원
1278135614,(주)네추럴웨이,수면실
1278135614,(주)네추럴웨이,휴게실
1278135614,(주)네추럴웨이,인근
1278135614,(주)네추럴웨이,월세
1278135614,(주)네추럴웨이,이주시
1278187863,경기산업보건센타(주),수당
1278187863,경기산업보건센타(주),차량
1278187863,경기산업보건센타(주),지원
1278187863,경기산업보건센타(주),야간
1278187863,경기산업보건센타(주),자격
1278197546,(주)청담이엠텍,5일
1278197546,(주)청담이엠텍,근무
1278197546,(주)청담이엠텍,보험
1288191230,(주)코리아보드게임즈,기획팀
1288191230,(주)코리아보드게임즈,직원
1288191230,(주)코리아보드게임즈,물류
1288608828,(주)지엘컴,보험
1288608828,(주)지엘컴,야근
1288608828,(주)지엘컴,다른
1288608828,(주)지엘컴,문화생활비
1288608828,(주)지엘컴,기업
1288608828,(주)지엘컴,식대
1288654297,(주)주원씨앤아이,혜택
1288654297,(주)주원씨앤아이,다른
1288654297,(주)주원씨앤아이,복리
1288654297,(주)주원씨앤아이,다를
1288654297,(주)주원씨앤아이,후생
1288654297,(주)주원씨앤아이,지원
1288717213,(주)케이엠테크,직원
1298178152,(주)에이치에스씨엠티,고등
1298606293,(주)엘콤,지급
1298606293,(주)엘콤,활동비
1298606293,(주)엘콤,동호회
1298606293,(주)엘콤,부서
1298606293,(주)엘콤,근속별
1298606293,(주)엘콤,화합
1298606293,(주)엘콤,분기별
1308144822,(주)한성식품,배우자
1308144822,(주)한성식품,있는
1308144822,(주)한성식품,출산휴가
1308144822,(주)한성식품,육아휴직
1308144822,(주)한성식품,경조사
1308148610,(주)제이스텍,카페
1308148610,(주)제이스텍,도서관
1308148610,(주)제이스텍,포상
1318194306,대영씨엔이(주),보험
1318194306,대영씨엔이(주),지급
1318194306,대영씨엔이(주),경조
1318194306,대영씨엔이(주),상여
1318628077,(주)더가든오브내추럴솔루션,건강
1318628077,(주)더가든오브내추럴솔루션,출근
1318628077,(주)더가든오브내추럴솔루션,체력
1318628077,(주)더가든오브내추럴솔루션,매월
1318628077,(주)더가든오브내추럴솔루션,10시
1318628077,(주)더가든오브내추럴솔루션,직원
1318628077,(주)더가든오브내추럴솔루션,전문
1328120146,(주)에스케이테크,헬스기구
1328135654,(주)체어로,보험
1328135654,(주)체어로,지원입학금
1328135654,(주)체어로,자녀학자금
1328135654,(주)체어로,포상
1328135654,(주)체어로,통근
1328152217,(주)일신비츠온,중식제공
1328152217,(주)일신비츠온,차량
1328152217,(주)일신비츠온,지원
1328152217,(주)일신비츠온,간식제공
1328152217,(주)일신비츠온,결혼
1328615385,로제화장품(주),현재
1328615385,로제화장품(주),식비
1328615385,로제화장품(주),교통
1328615385,로제화장품(주),편의
1338124830,일륭기공(주),지원
1338124830,일륭기공(주),계휴가
1338124830,일륭기공(주),경조사
1338124830,일륭기공(주),자녀
1338135491,(주)티에스엠,기숙사
1338135491,(주)티에스엠,건강
1338135491,(주)티에스엠,구내식당
1338135491,(주)티에스엠,여행
1338135491,(주)티에스엠,복지
1338135491,(주)티에스엠,이용
1338135491,(주)티에스엠,일부
1348100961,대주코레스(주),표창
1348100961,대주코레스(주),40시간
1348100961,대주코레스(주),5일
1348100961,대주코레스(주),우수사원
1348100961,대주코레스(주),근로시간제
1348100961,대주코레스(주),경조
1348100961,대주코레스(주),장기
1348117424,에이치아이티(주),휴가
1348117424,에이치아이티(주),장기
1348160877,금천씨스템(주),운영
1348160877,금천씨스템(주),기숙사
1348160877,금천씨스템(주),제공
1348160877,금천씨스템(주),3식
1348160877,금천씨스템(주),자녀
1348643005,(주)버즈니,다른
1348643005,(주)버즈니,건물
1348643005,(주)버즈니,게임기
1348643005,(주)버즈니,기도
1348643005,(주)버즈니,인정
1348643005,(주)버즈니,맥주
1348643005,(주)버즈니,탁구대
1348644004,(주)에스엠테크,산후
1358118218,(주)나래나노텍,플레이샵
1358118218,(주)나래나노텍,우수사원시상식
1358118218,(주)나래나노텍,멘토링
1358118218,(주)나래나노텍,도서구입비지원
1358130702,하이드로텍(주),10
1358130702,하이드로텍(주),20만원
1358130702,하이드로텍(주),15
1358130702,하이드로텍(주),지급
1358153419,(주)랩지노믹스,운영
1358153419,(주)랩지노믹스,출근
1358153419,(주)랩지노믹스,직원
1358153419,(주)랩지노믹스,셔틀버스
1358153419,(주)랩지노믹스,영업
1358635380,(주)에프알디,연금
1358635380,(주)에프알디,보험국민연금
1358635380,(주)에프알디,차량
1358635380,(주)에프알디,유류
1358635380,(주)에프알디,퇴직금
1358635380,(주)에프알디,보조금
1358635380,(주)에프알디,고용
1368123596,(주)익성,목표
1368123596,(주)익성,900점
1368123596,(주)익성,토익
1368123596,(주)익성,증빙
1368123596,(주)익성,달성
1368123596,(주)익성,어학
1368700241,111퍼센트(주),동아
1368700241,111퍼센트(주),하나
1368700241,111퍼센트(주),첨부
1378100728,대한금속공업(주),만큼
1378100728,대한금속공업(주),복지
1378100728,대한금속공업(주),지원
1378100728,대한금속공업(주),많은
1378100728,대한금속공업(주),성장하는
1378100728,대한금속공업(주),대기
1378100728,대한금속공업(주),다양
1378134529,(주)선우시스,현재
1378134529,(주)선우시스,자녀학자금
1378134529,(주)선우시스,개별식비와
1378134529,(주)선우시스,지원금
1388146014,비앤에이치코리아(주),식비제공
1388146014,비앤에이치코리아(주),자기개발
1388163255,(주)아프로시스,제주도
1388163255,(주)아프로시스,여행
1388163255,(주)아프로시스,시간
1388163255,(주)아프로시스,도모
1388163255,(주)아프로시스,대부분
1388163255,(주)아프로시스,가족
1388163255,(주)아프로시스,분위기
1388195849,(주)에스카,리조
1408107988,그린엘리베이터(주),산업재해보험
1408107988,그린엘리베이터(주),생산물배상책임보험
1408107988,그린엘리베이터(주),전직원
1408153347,(주)정진정공,식사
1408153347,(주)정진정공,필요
1408153347,(주)정진정공,직원
1408153347,(주)정진정공,기숙
1408153347,(주)정진정공,가입
1408153347,(주)정진정공,제공
1408153347,(주)정진정공,보험
1428133411,(주)와이즈센싱,사내
1428133411,(주)와이즈센싱,연말
1428133411,(주)와이즈센싱,단체
1428133411,(주)와이즈센싱,전시회
1428133411,(주)와이즈센싱,복지
1428133411,(주)와이즈센싱,가족송년회
1428157937,브로스앤컴퍼니(주),지원
1428157937,브로스앤컴퍼니(주),선물
1428157937,브로스앤컴퍼니(주),반차
1428157937,브로스앤컴퍼니(주),자기계발
1428157937,브로스앤컴퍼니(주),제공
1428157937,브로스앤컴퍼니(주),도서비
1428157937,브로스앤컴퍼니(주),경조
1448107826,(주)엘림글로벌,근로자수가
1448107826,(주)엘림글로벌,체력
1448107826,(주)엘림글로벌,모두
1448107826,(주)엘림글로벌,육아휴직
1448107826,(주)엘림글로벌,100
1448107826,(주)엘림글로벌,직원
1448107826,(주)엘림글로벌,휴가일수
1448110578,(주)그리드위즈,생일
1448110578,(주)그리드위즈,장기근속포상
1448110578,(주)그리드위즈,선물
1448110578,(주)그리드위즈,기념일
1618600726,(주)디에스텍,원룸
1618600726,(주)디에스텍,290만원
1618600726,(주)디에스텍,근처
1618600726,(주)디에스텍,상당
1618600726,(주)디에스텍,지역
1618600726,(주)디에스텍,보증
2018145458,벡톤디킨슨코리아(주),자녀
2018145458,벡톤디킨슨코리아(주),직원
2018145458,벡톤디킨슨코리아(주),경조금
2018145458,벡톤디킨슨코리아(주),요금
2018145458,벡톤디킨슨코리아(주),지원
2018145458,벡톤디킨슨코리아(주),핸드폰
2018145458,벡톤디킨슨코리아(주),건강
2028147482,(주)유니트란스,15
2028147482,(주)유니트란스,장기근속
2028147482,(주)유니트란스,학기
2028147482,(주)유니트란스,포상의
2028147482,(주)유니트란스,기준
2028147482,(주)유니트란스,매월
2028147482,(주)유니트란스,10년
2048112301,KB오토시스(주),질병
2048112301,KB오토시스(주),근로자
2048112301,KB오토시스(주),유치원
2048112301,KB오토시스(주),예방
2048112301,KB오토시스(주),자녀
2048112301,KB오토시스(주),추석
2048139033,(주)도담이앤씨,거나
2048139033,(주)도담이앤씨,계시
2048139033,(주)도담이앤씨,교육
2048139033,(주)도담이앤씨,신입사원
2048139033,(주)도담이앤씨,분들
2048139033,(주)도담이앤씨,좋은
2048139033,(주)도담이앤씨,외부
2048610496,(주)김스애드,근무
2048610496,(주)김스애드,아이디어
2068651950,사회적기업노란들판(유),점심식사
2068651950,사회적기업노란들판(유),노란들판의
2068651950,사회적기업노란들판(유),제도
2068651950,사회적기업노란들판(유),비수기
2068651950,사회적기업노란들판(유),복리후생
2068651950,사회적기업노란들판(유),자체
2068651950,사회적기업노란들판(유),휴가
2068652416,(주)에이스프로젝트,영화티켓
2068652416,(주)에이스프로젝트,1회
2068652416,(주)에이스프로젝트,저녁
2068652416,(주)에이스프로젝트,2장
2068652416,(주)에이스프로젝트,사내
2068652416,(주)에이스프로젝트,아침
2068652416,(주)에이스프로젝트,점심
2068670618,(주)마케팅이즈,강좌
2068670618,(주)마케팅이즈,구입
2076591402,거산무역상사,제공
2076591402,거산무역상사,이용
2076591402,거산무역상사,점심
2076591402,거산무역상사,간식
2076591402,거산무역상사,식사
2076591402,거산무역상사,휴가
2076591402,거산무역상사,근로
2078152258,(주)한국소프트랩,포상
2078152258,(주)한국소프트랩,장기근속
2078152258,(주)한국소프트랩,자격
2078152258,(주)한국소프트랩,지원
2088124416,(주)산돌커뮤니케이션,활용
2088124416,(주)산돌커뮤니케이션,교육비
2088124416,(주)산돌커뮤니케이션,자기계발
2088124416,(주)산돌커뮤니케이션,여가
2088124416,(주)산돌커뮤니케이션,지원직무
2088124416,(주)산돌커뮤니케이션,역량개발
2088124416,(주)산돌커뮤니케이션,휴가사용촉진제도
2088800539,(주)엠에스테크,복지
2088800539,(주)엠에스테크,포인트
2088800539,(주)엠에스테크,교통비
2088800539,(주)엠에스테크,보험
2088800539,(주)엠에스테크,자기
2098154271,(주)노르마,자기
2098154271,(주)노르마,식비
2098154271,(주)노르마,교육비
2098154271,(주)노르마,계발비
2098154271,(주)노르마,유류
2098154271,(주)노르마,우수
2098211833,나무와열매사회적협동조합,문화
2098211833,나무와열매사회적협동조합,기질
2098211833,나무와열매사회적협동조합,점심
2098211833,나무와열매사회적협동조합,식사
2098211833,나무와열매사회적협동조합,사내
2098211833,나무와열매사회적협동조합,활동
2098211833,나무와열매사회적협동조합,찾기
2100945892,호선팩토리,자녀
2100945892,호선팩토리,학비
2118688712,스포츠투아이(주),있는
2118688712,스포츠투아이(주),음료
2118688712,스포츠투아이(주),3000만
2118688712,스포츠투아이(주),설날
2118688712,스포츠투아이(주),카페테리아
2118688712,스포츠투아이(주),추석
2118688712,스포츠투아이(주),상여금
2118691935,(주)유니온커뮤니티,생일
2118691935,(주)유니온커뮤니티,카페테리아
2118691935,(주)유니온커뮤니티,기타
2118691935,(주)유니온커뮤니티,심플
2118691935,(주)유니온커뮤니티,직원
2118691935,(주)유니온커뮤니티,지급
2118691935,(주)유니온커뮤니티,전신
2118710133,슈어소프트테크(주),역시
2118710133,슈어소프트테크(주),5일
2118710133,슈어소프트테크(주),성과
2118710133,슈어소프트테크(주),근무
2118710133,슈어소프트테크(주),우수
2118710133,슈어소프트테크(주),하루
2118710133,슈어소프트테크(주),휴가
2118725387,(주)애드쿠아인터렉티브,해외
2118725387,(주)애드쿠아인터렉티브,전임
2118840371,(주)알비더블유,건강검진
2118840371,(주)알비더블유,직원숙소
2118840371,(주)알비더블유,지원
2118848112,베이비뉴스(주),근로기준법
2118848112,베이비뉴스(주),남녀고용평등법
2118848112,베이비뉴스(주),모자보건법
2118848112,베이비뉴스(주),육아
2118848112,베이비뉴스(주),환경
2118848112,베이비뉴스(주),사용
2118848112,베이비뉴스(주),지하
2118850700,(주)아이포유웍스,근속
2118850700,(주)아이포유웍스,출근
2118850700,(주)아이포유웍스,369년
2118850791,(주)캐럿글로벌,연간
2118850791,(주)캐럿글로벌,교육
2118850791,(주)캐럿글로벌,사업
2118850791,(주)캐럿글로벌,4시
2118850791,(주)캐럿글로벌,10
2118850791,(주)캐럿글로벌,글로벌
2118850791,(주)캐럿글로벌,30
2148132018,(주)리서치앤리서치,이상
2148132018,(주)리서치앤리서치,3년
2148132018,(주)리서치앤리서치,신입직
2148132018,(주)리서치앤리서치,2년
2148132018,(주)리서치앤리서치,경력
2148132018,(주)리서치앤리서치,6시간
2148141045,(주)오진양행,지급
2148141045,(주)오진양행,생일자
2148141045,(주)오진양행,상품권
2148141045,(주)오진양행,콘도
2148141045,(주)오진양행,원부
2148141045,(주)오진양행,자켓
2148141045,(주)오진양행,영화
2148156664,(주)코리아리서치인터내셔널,육아기
2148156664,(주)코리아리서치인터내셔널,제도
2148156664,(주)코리아리서치인터내셔널,있는
2148156664,(주)코리아리서치인터내셔널,복리후생
2148156664,(주)코리아리서치인터내셔널,가족친화
2148156664,(주)코리아리서치인터내셔널,근로시간
2148156664,(주)코리아리서치인터내셔널,배려하는
2148179686,두성종이(주),수당
2148179686,두성종이(주),별도
2148179686,두성종이(주),명절
2148179686,두성종이(주),복지
2148179686,두성종이(주),생일펀드
2148179686,두성종이(주),연말
2148179686,두성종이(주),성과
2148670792,(주)토마토시스템,많은
2148670792,(주)토마토시스템,복지
2148670792,(주)토마토시스템,하나
2148670792,(주)토마토시스템,따라서
2148670792,(주)토마토시스템,적용
2148670792,(주)토마토시스템,포인트
2148670792,(주)토마토시스템,카드
2148682100,인터콘시스템스(주),경조회
2148682100,인터콘시스템스(주),연말성과급
2148682100,인터콘시스템스(주),상조회
2148682100,인터콘시스템스(주),식사
2148682100,인터콘시스템스(주),직원
2148701875,(주)비보존제약,선택적
2148701875,(주)비보존제약,버킷리스트
2148701875,(주)비보존제약,포인트
2148701875,(주)비보존제약,이니스트
2148701875,(주)비보존제약,지원
2148701875,(주)비보존제약,휴가제도
2148701875,(주)비보존제약,제공
2148720101,(주)두타아이티,지원
2148720101,(주)두타아이티,경조금
2148720101,(주)두타아이티,성과
2148720101,(주)두타아이티,지급
2148782427,(주)밸런스인더스트리,퇴직연금
2148782427,(주)밸런스인더스트리,지방
2148782427,(주)밸런스인더스트리,근무
2148782427,(주)밸런스인더스트리,가입
2148782427,(주)밸런스인더스트리,조정
2148782427,(주)밸런스인더스트리,동일기준적용
2148782427,(주)밸런스인더스트리,해외
2148847956,(주)미쓰윤,출근
2148847956,(주)미쓰윤,문화
2148847956,(주)미쓰윤,휴무
2148847956,(주)미쓰윤,사내
2148847956,(주)미쓰윤,광고
2148847956,(주)미쓰윤,대체
2148847956,(주)미쓰윤,매월
2148863811,(주)맥스테드,야근
2158193191,(주)황우캐터링,별도
2158193191,(주)황우캐터링,보험
2158193191,(주)황우캐터링,퇴직금
2158193191,(주)황우캐터링,상여금
2158193191,(주)황우캐터링,정기
2158193416,(주)애드바이오텍,10
2158193416,(주)애드바이오텍,운동
2158197881,(주)티아이티이엔지,가입
2158197881,(주)티아이티이엔지,자기개발비
2158197881,(주)티아이티이엔지,문화생활비
2158197881,(주)티아이티이엔지,포상제도
2158197881,(주)티아이티이엔지,대명리조트
2158197881,(주)티아이티이엔지,이용
2158197881,(주)티아이티이엔지,질병상해보험
2158613396,(주)한컴프론티스,직원
2158685075,(주)코스메랩,교육비
2158685075,(주)코스메랩,지원도서구입비용
2158685075,(주)코스메랩,해외
2158789743,(주)팩토리얼게임즈,여행상품
2158789743,(주)팩토리얼게임즈,추천
2158789743,(주)팩토리얼게임즈,사내
2158789743,(주)팩토리얼게임즈,가전제품
2158789743,(주)팩토리얼게임즈,인재
2158789743,(주)팩토리얼게임즈,수면
2158789743,(주)팩토리얼게임즈,조식
2168107039,(주)인성메디칼,무료제공
2168107039,(주)인성메디칼,회사식당중석식
2168107039,(주)인성메디칼,출근용
2168107039,(주)인성메디칼,셔틀
2168107039,(주)인성메디칼,학자금
2168107039,(주)인성메디칼,지원
2168107039,(주)인성메디칼,차량
2188121871,(주)금풍아트,사용
2188121871,(주)금풍아트,휴가
2188121871,(주)금풍아트,급여
2188121871,(주)금풍아트,보너스
2188121871,(주)금풍아트,100의
2188121871,(주)금풍아트,연말
2188121871,(주)금풍아트,명절
2198121781,유한책임회사하이모,사용
2198121781,유한책임회사하이모,운영
2198121781,유한책임회사하이모,지원
2198121781,유한책임회사하이모,출산
2198121781,유한책임회사하이모,생일축하금
2198121781,유한책임회사하이모,직원
2198121781,유한책임회사하이모,배우자
2208191327,(주)다보링크,장기
2208191439,(주)디투에스,포상
2208191439,(주)디투에스,장기근속자
2208191439,(주)디투에스,우수
2208191439,(주)디투에스,사원
2208191439,(주)디투에스,시상
2208626592,(주)광현이앤씨,복리
2208626592,(주)광현이앤씨,상향
2208626592,(주)광현이앤씨,휴가
2208626592,(주)광현이앤씨,의거
2208626592,(주)광현이앤씨,노동법
2208626592,(주)광현이앤씨,후생
2208626592,(주)광현이앤씨,지급
2208661148,(주)메씨인터내셔날,교통비
2208661148,(주)메씨인터내셔날,야근
2208661148,(주)메씨인터내셔날,지원비
2208661148,(주)메씨인터내셔날,문화
2208661148,(주)메씨인터내셔날,활동
2208661148,(주)메씨인터내셔날,식비
2208661148,(주)메씨인터내셔날,제공
2208693863,(주)리서치애드,근속
2208693863,(주)리서치애드,오래된
2208693863,(주)리서치애드,10
2208693863,(주)리서치애드,간식
2208693863,(주)리서치애드,음료
2208693863,(주)리서치애드,황금
2208693863,(주)리서치애드,모든
2208702544,인솔(주),3회
2208702544,인솔(주),고정
2208725270,(주)미소정보기술,자기계발비
2208725270,(주)미소정보기술,경조사비
2208725270,(주)미소정보기술,석식
2208725270,(주)미소정보기술,회식
2208725270,(주)미소정보기술,통신비
2208725270,(주)미소정보기술,자격
2208725270,(주)미소정보기술,대중
2208736025,(주)메디오피아테크,기타
2208736025,(주)메디오피아테크,경조
2208736025,(주)메디오피아테크,생일
2208736025,(주)메디오피아테크,교육
2208736025,(주)메디오피아테크,포상
2208775519,(주)더웰컴,방문
2208792691,(주)쿡앱스,오후
2208792691,(주)쿡앱스,7시
2208792691,(주)쿡앱스,오전
2208792691,(주)쿡앱스,2주
2208792691,(주)쿡앱스,30분
2208792691,(주)쿡앱스,집중
2208792691,(주)쿡앱스,9시
2208866851,(주)5민랩,식대
2208866851,(주)5민랩,선물
2208866851,(주)5민랩,점심
2208866851,(주)5민랩,명절
2208866851,(주)5민랩,제공
2208866851,(주)5민랩,건강
2218100187,(주)강원일보,대답
2218100187,(주)강원일보,근무자
2218100187,(주)강원일보,일과
2218100187,(주)강원일보,자녀
2218100187,(주)강원일보,생각
2218100187,(주)강원일보,학생들
2218100187,(주)강원일보,직원
2218102040,(주)하나식품,기숙사
2218102040,(주)하나식품,구내식당
2218102040,(주)하나식품,언제
2218102040,(주)하나식품,정말
2218102040,(주)하나식품,구비
2218102040,(주)하나식품,휴게
2218102040,(주)하나식품,주부사원
2218103020,(주)대양,직원
2218103020,(주)대양,청년
2218104510,(주)성창,중식
2218104510,(주)성창,제공
2218104510,(주)성창,10
2218105601,(주)강원도민일보,근무
2218107593,(주)산이앤씨건축사사무소,국내외
2218107593,(주)산이앤씨건축사사무소,포상제공
2218107593,(주)산이앤씨건축사사무소,건축
2218112742,(주)프라임텍,장소
2218112742,(주)프라임텍,주말
2218112742,(주)프라임텍,메뉴
2218112742,(주)프라임텍,주로
2218112742,(주)프라임텍,한달
2218112742,(주)프라임텍,등산
2218112742,(주)프라임텍,가을
2218115550,(주)오도푸드서비스,춘천
2218115550,(주)오도푸드서비스,지역
2218115996,(주)에스티알바이오텍,지급과
2218115996,(주)에스티알바이오텍,경조금
2218115996,(주)에스티알바이오텍,야식비
2218124855,(주)엠큐어,10년
2218124855,(주)엠큐어,이상
2218124855,(주)엠큐어,자기계발
2218124855,(주)엠큐어,상지대
2218124855,(주)엠큐어,박사
2218128958,(주)세바바이오텍,작은
2218128958,(주)세바바이오텍,의한
2218128958,(주)세바바이오텍,정해진
2218128958,(주)세바바이오텍,일정
2218128958,(주)세바바이오텍,기업
2218128958,(주)세바바이오텍,사유
2218128958,(주)세바바이오텍,차원
2218130323,(주)보템,지원
2218130323,(주)보템,향상된다면
2218130323,(주)보템,자녀육아수당
2218130323,(주)보템,명절
2218130323,(주)보템,생일
2218133219,(주)지오멕스소프트,춘천
2218134988,(주)온오프믹스,지원
2218134988,(주)온오프믹스,플레이샵
2218134988,(주)온오프믹스,워크숍
2218134988,(주)온오프믹스,보험
2218134988,(주)온오프믹스,명절
2218134988,(주)온오프믹스,게임기
2218134988,(주)온오프믹스,음료
2218138631,(주)하이텍,제공
2218138631,(주)하이텍,보험
2218138631,(주)하이텍,포상
2218138631,(주)하이텍,식대
2218138631,(주)하이텍,장기근속
2218140156,(주)임팩시스,간식
2218140156,(주)임팩시스,따라서
2218140156,(주)임팩시스,당번
2218140156,(주)임팩시스,여성
2218140156,(주)임팩시스,시행
2218140156,(주)임팩시스,1년
2218140156,(주)임팩시스,하루
2218144394,(주)자연애,중식
2218144394,(주)자연애,제공
2218212638,(사)문화프로덕션도모,일정
2218212638,(사)문화프로덕션도모,대체
2218212638,(사)문화프로덕션도모,안식
2228128058,(주)대호,특성상
2228128058,(주)대호,연차
2228128058,(주)대호,지원
2228128058,(주)대호,복리
2228128058,(주)대호,부분
2228128058,(주)대호,많은
2228128058,(주)대호,정기
2228130025,(주)나무나라,정도
2228130025,(주)나무나라,1회
2228130025,(주)나무나라,직원
2248124096,(주)씨유메디칼시스템,사우회
2248124096,(주)씨유메디칼시스템,대출제도
2248124096,(주)씨유메디칼시스템,직원
2248124096,(주)씨유메디칼시스템,보험가입
2248124096,(주)씨유메디칼시스템,기숙사운영
2248124096,(주)씨유메디칼시스템,5년
2248124096,(주)씨유메디칼시스템,10년
2248126380,(주)데어리젠,복지
2248131127,농업회사법인원주생명농업(주),농업
2248133727,(주)디카팩,식비
2248133727,(주)디카팩,문화
2248133727,(주)디카팩,생활비
2248133727,(주)디카팩,교통비
2248133727,(주)디카팩,매년
2248133727,(주)디카팩,지급
2248133727,(주)디카팩,입사
2248137359,(주)천궁의료기,15
2248137359,(주)천궁의료기,사원들
2248137359,(주)천궁의료기,학업
2248137359,(주)천궁의료기,본인
2248137359,(주)천궁의료기,졸업
2248137359,(주)천궁의료기,우선
2248142022,(자)대동창호,휴가
2248142022,(자)대동창호,휴게
2248142022,(자)대동창호,연차
2248142022,(자)대동창호,정기
2248151948,(주)서울식품,공제
2248151948,(주)서울식품,매년
2248151948,(주)서울식품,식비
2248151948,(주)서울식품,출퇴근차량
2248151948,(주)서울식품,표창
2248151948,(주)서울식품,자격증지원수당
2248151948,(주)서울식품,우수사원
2258121428,봉신롤(주),자녀
2258121428,봉신롤(주),식당
2258121428,봉신롤(주),운영
2258121428,봉신롤(주),교육비
2258121428,봉신롤(주),의료
2258121428,봉신롤(주),육아휴직
2258121428,봉신롤(주),기숙사
2261206856,강릉초당두부,직원
2261206856,강릉초당두부,문화
2261206856,강릉초당두부,특성상
2261206856,강릉초당두부,데이나
2261206856,강릉초당두부,원재료
2261206856,강릉초당두부,복지
2268103398,현대특수사료(주),유류비
2268103398,현대특수사료(주),지원
2268103398,현대특수사료(주),장기
2268103821,금강레미콘(주),가입
2268103821,금강레미콘(주),4대보험
2268103821,금강레미콘(주),출퇴근
2268103821,금강레미콘(주),지원
2268107962,신화건설(주),시행하는
2268107962,신화건설(주),지원
2268107962,신화건설(주),종합건강검진
2268107962,신화건설(주),휴식
2268107962,신화건설(주),내부
2268107962,신화건설(주),자녀
2268107962,신화건설(주),본사
2268128045,부영개발(주),명절
2268128045,부영개발(주),질병
2268128045,부영개발(주),상여
2268128045,부영개발(주),개인
2268128045,부영개발(주),휴가
2268136021,(주)연한훼미리,생일
2268136021,(주)연한훼미리,출산
2268136021,(주)연한훼미리,자격증
2268136021,(주)연한훼미리,가족
2268136021,(주)연한훼미리,취득
2268136021,(주)연한훼미리,근로자
2268136021,(주)연한훼미리,필요한
2268137001,동신렌탈(주),제공
2268137001,동신렌탈(주),가입
2268137001,동신렌탈(주),리조트
2268137001,동신렌탈(주),자녀학자금
2268137001,동신렌탈(주),사용
2268137001,동신렌탈(주),법인회원권
2268137001,동신렌탈(주),4대보험
2268140826,동림푸드(주),지원
2268140826,동림푸드(주),계휴가
2268140826,동림푸드(주),휴가
2268140826,동림푸드(주),경조
2268140826,동림푸드(주),통근
2268145821,(주)갈골한과명인식품,소규모
2268145821,(주)갈골한과명인식품,보험
2268145821,(주)갈골한과명인식품,가입
2268145821,(주)갈골한과명인식품,중식
2268145821,(주)갈골한과명인식품,기업
2268145821,(주)갈골한과명인식품,복지
2268145821,(주)갈골한과명인식품,제공
2288102357,(주)새성도레미콘,일부지급
2288102357,(주)새성도레미콘,유류비
2288102357,(주)새성도레미콘,중식제공
2288102357,(주)새성도레미콘,휴대폰
2518800208,(주)핀업,만큼
2518800208,(주)핀업,제공
2518800208,(주)핀업,조식
2518800208,(주)핀업,체력
2588600597,(주)자이냅스,제공
2588600597,(주)자이냅스,저녁식사
2588600597,(주)자이냅스,세미나
2588600597,(주)자이냅스,교육
2588600597,(주)자이냅스,요청
2588600597,(주)자이냅스,출장
2618114700,(주)하이메디,결혼
2618114700,(주)하이메디,휴가
2648101261,(주)이스트몹,보통
2648101261,(주)이스트몹,다른
2648101261,(주)이스트몹,1번
2648101261,(주)이스트몹,별도
2648101261,(주)이스트몹,식사
2648101261,(주)이스트몹,영화
2648101261,(주)이스트몹,근로기준법상
2648114771,(주)지에스아이엘,도입
2648114771,(주)지에스아이엘,제도
2648114771,(주)지에스아이엘,스톡옵션
2648114771,(주)지에스아이엘,목표
2648114771,(주)지에스아이엘,우리
2648114771,(주)지에스아이엘,예정
2648114771,(주)지에스아이엘,시행
3018130366,해성약품(주),개설
3018130366,해성약품(주),풋살
3018193930,성원메디칼(주),식비
3018193930,성원메디칼(주),기숙사지원
3018193930,성원메디칼(주),일부자녀학비지원
3018193930,성원메디칼(주),포함
3018193930,성원메디칼(주),남성
3018193930,성원메디칼(주),고급
3018199540,노무법인명장,직원
3018199540,노무법인명장,명절
3018199540,노무법인명장,제공
3018199540,노무법인명장,스트레스
3018199540,노무법인명장,해소
3018199540,노무법인명장,개개인
3018199540,노무법인명장,리조트
3018616490,(주)코아아이티,포상
3018616490,(주)코아아이티,지급
3018616490,(주)코아아이티,생일
3018616490,(주)코아아이티,연차수당
3018616490,(주)코아아이티,장기근속자
3018616490,(주)코아아이티,선물
3018616490,(주)코아아이티,기프티콘
3038152269,에스티팜(주),발생
3038152269,에스티팜(주),직원
3038152269,에스티팜(주),스트
3038152269,에스티팜(주),경조
3058140342,(주)예람,포상
3058140342,(주)예람,산전후휴가
3058140342,(주)예람,육아휴직
3058140342,(주)예람,우수사원
3058140342,(주)예람,퇴직
3058146536,(주)씨엠비,카페
3058146536,(주)씨엠비,미니
3058146536,(주)씨엠비,여성
3068101342,한국특수메탈공업(주),포상
3068101342,한국특수메탈공업(주),장기근속
3068101342,한국특수메탈공업(주),5년
3068101342,한국특수메탈공업(주),10년
3068101342,한국특수메탈공업(주),15년
3068104335,오성철강(주),상황
3068118106,한국에어로(주),출퇴근
3068118106,한국에어로(주),구내식당
3068118106,한국에어로(주),헬스장
3068118106,한국에어로(주),유류비
3068118106,한국에어로(주),지원
3068118106,한국에어로(주),다른
3068118106,한국에어로(주),편입
3068124194,(주)씨에이치씨랩,이상은
3068124194,(주)씨에이치씨랩,15년
3068124194,(주)씨에이치씨랩,상품
3068124194,(주)씨에이치씨랩,최대
3068124194,(주)씨에이치씨랩,2021년
3068124194,(주)씨에이치씨랩,지급
3068124194,(주)씨에이치씨랩,이전
3068132068,(주)신우금형,식사
3068132068,(주)신우금형,하루
3068132068,(주)신우금형,제공
3068132068,(주)신우금형,구내
3068132068,(주)신우금형,끼의
3078110922,신기산업(주),기숙사
3078110922,신기산업(주),제공
3078110922,신기산업(주),4대보험
3078110922,신기산업(주),매출
3078110922,신기산업(주),식사
3078110922,신기산업(주),상승
3108108738,청화요업(주),위치
3108108738,청화요업(주),거리
3108108738,청화요업(주),장곡면
3108108738,청화요업(주),여가
3108108738,청화요업(주),홍성군
3108108738,청화요업(주),도움
3108108738,청화요업(주),번화가
3128104567,(주)경보제약,경조사
3128104567,(주)경보제약,지원
3128104567,(주)경보제약,지급
3128104567,(주)경보제약,상품권
3128104567,(주)경보제약,장례용품
3128104567,(주)경보제약,10
3128108113,신원스틸(주),운영
3128108113,신원스틸(주),인원
3128108113,신원스틸(주),25명
3128108113,신원스틸(주),기숙
3128108113,신원스틸(주),혼자
3128108113,신원스틸(주),방이
3128108113,신원스틸(주),최대
3128108961,(주)대진,교육
3128108961,(주)대진,점심
3128108961,(주)대진,리더십
3128108961,(주)대진,예방
3128108961,(주)대진,성희롱
3128108961,(주)대진,아침
3128116097,경흥건업(주),현재
3128116097,경흥건업(주),혜택
3128164167,새롬에프에스(주),육아휴직
3128164167,새롬에프에스(주),출산휴가와
3128166340,(주)한미이엔지,자녀
3128166340,(주)한미이엔지,지원
3128166340,(주)한미이엔지,학자
3128601129,영일오토메이션(주),직원
3128601129,영일오토메이션(주),달성
3128601129,영일오토메이션(주),성과
3128601129,영일오토메이션(주),근속
3128619314,(주)즐거운밥상,직원
3128619314,(주)즐거운밥상,지원
3128619314,(주)즐거운밥상,가득
3128619314,(주)즐거운밥상,유류
3128649332,(주)농업회사법인돈우,사원
3128649332,(주)농업회사법인돈우,근로자
3148126359,한빛이디에스(주),근무
3148126359,한빛이디에스(주),휴일
3148126359,한빛이디에스(주),5일
3148127270,세종화학(주),직원
3148127270,세종화학(주),교통
3148127270,세종화학(주),지원
3148127270,세종화학(주),세종
3148127270,세종화학(주),등산
3148128513,(주)부품디비,부품디
3148128513,(주)부품디비,바로
3148139683,(주)나노하이테크,지원
3148139683,(주)나노하이테크,무료
3148139683,(주)나노하이테크,동종업계
3148139683,(주)나노하이테크,융자
3148139683,(주)나노하이테크,동일규모
3148139683,(주)나노하이테크,기업
3148139683,(주)나노하이테크,60세
3148140778,(주)케이티지,호응
3148140778,(주)케이티지,아래
3148140778,(주)케이티지,복리
3148140778,(주)케이티지,복지
3148140778,(주)케이티지,특별
3148140778,(주)케이티지,직원
3148140778,(주)케이티지,가장
3148154345,(주)인아트,1조
3148155719,(주)선구엔지니어링,명절선물
3148155719,(주)선구엔지니어링,직원대출제도
3148155719,(주)선구엔지니어링,매월
3148155719,(주)선구엔지니어링,납입
3148155719,(주)선구엔지니어링,귀향비
3148155719,(주)선구엔지니어링,165만원
3148155719,(주)선구엔지니어링,24개월
3148197529,(주)지티사이언,선물
3148197529,(주)지티사이언,생일자
3148614708,(주)청화팜,근무
3148614708,(주)청화팜,40
3148614708,(주)청화팜,공휴일
3148614708,(주)청화팜,휴무
3148619120,(주)제이엘텍코퍼레이션,연차
3148619120,(주)제이엘텍코퍼레이션,사대보험
3148619120,(주)제이엘텍코퍼레이션,퇴직금
3148619120,(주)제이엘텍코퍼레이션,생각
3148643289,(주)삼영정보,지급
3148643289,(주)삼영정보,개인
3148643289,(주)삼영정보,노트북
3148643289,(주)삼영정보,경조
3148653943,(주)피플카,다양한
3148653943,(주)피플카,식대
3148653943,(주)피플카,도서비
3148653943,(주)피플카,제도
3148653943,(주)피플카,복리
3148653943,(주)피플카,발전
3148653943,(주)피플카,규모
3149108869,세우리병원,퇴근
3149108869,세우리병원,시간
3158104436,(주)명정보기술,비록
3178003800,충북여성새로일하기지원본부,퇴직연금
3178003800,충북여성새로일하기지원본부,사회보험
3178003800,충북여성새로일하기지원본부,활동경비
3178003800,충북여성새로일하기지원본부,10만
3178139246,(주)에이치앤엔코퍼레이션,3년
3178139246,(주)에이치앤엔코퍼레이션,6년
3178139246,(주)에이치앤엔코퍼레이션,9년
3178139246,(주)에이치앤엔코퍼레이션,포상
3178139246,(주)에이치앤엔코퍼레이션,만근
3188106471,(주)컨텍,20일
3188106471,(주)컨텍,출산
3188106471,(주)컨텍,지원
3188106471,(주)컨텍,50
3188106471,(주)컨텍,사용
3188106471,(주)컨텍,동아리
3188106471,(주)컨텍,기본제공경조사
3188106772,이루다플래닛(주),가족
3188106772,이루다플래닛(주),30분
3188106772,이루다플래닛(주),출근
3188106772,이루다플래닛(주),9시
3188106772,이루다플래닛(주),사용
3188106772,이루다플래닛(주),연차
3188106772,이루다플래닛(주),시간제
3978700206,(주)일렉오션,지원
3978700206,(주)일렉오션,헬스비용
4018106827,(주)삼원중공업,제도
4018106827,(주)삼원중공업,육아휴직
4018106827,(주)삼원중공업,모성보호
4018127119,(주)우남기공,100
4018134740,(유)한성산기,1회
4018134740,(유)한성산기,콘도
4018134740,(유)한성산기,진행
4018138751,(주)필텍,운영
4018138751,(주)필텍,원룸
4018138751,(주)필텍,중이
4018138751,(주)필텍,통근
4018138751,(주)필텍,오식도
4018138751,(주)필텍,출퇴근
4018138751,(주)필텍,버스
4028145615,(주)에버미라클,지원
4028145615,(주)에버미라클,차량
4028145615,(주)에버미라클,유류
4028145615,(주)에버미라클,여름
4028184919,대림씨앤씨(주),근무상
4028184919,대림씨앤씨(주),공로상
4028184919,대림씨앤씨(주),우수사원
4028184919,대림씨앤씨(주),라인별
4028184919,대림씨앤씨(주),평가
4028191313,(주)마르페,분위기
4028191313,(주)마르페,확인
4028191313,(주)마르페,현황
4028191313,(주)마르페,권장
4028191313,(주)마르페,대부분
4028191313,(주)마르페,연차
4028191313,(주)마르페,근무제
4030468148,자연,분위기와
4030468148,자연,인센티브
4030468148,자연,지급
4030468148,자연,정시퇴근
4030468148,자연,일생활
4030468148,자연,2019년
4030468148,자연,업무시간
4031797338,현대특수철강공업,구내식당
4031797338,현대특수철강공업,휴게실
4038107268,원광제약(주),워크
4038107268,원광제약(주),익산
4038115360,(주)길종합건축사사무소이엔지,교통비
4038115360,(주)길종합건축사사무소이엔지,포상
4038115360,(주)길종합건축사사무소이엔지,장기근속
4038115360,(주)길종합건축사사무소이엔지,리조트와
4038115360,(주)길종합건축사사무소이엔지,식비
4038115360,(주)길종합건축사사무소이엔지,자기개발
4038115360,(주)길종합건축사사무소이엔지,직원
4038116020,세진산업(주),시행
4038116020,세진산업(주),보험
4038116020,세진산업(주),가입
4038120067,(주)오디텍,임직원
4038120067,(주)오디텍,연계로
4038120067,(주)오디텍,쇼핑몰
4038120067,(주)오디텍,리조
4038120067,(주)오디텍,소확
4038120067,(주)오디텍,복지
4038120067,(주)오디텍,직원
4038136012,다미폴리켐(주),기업내
4038136012,다미폴리켐(주),수가
4038136012,다미폴리켐(주),휴게실
4038136012,다미폴리켐(주),채용
4038136012,다미폴리켐(주),타지
4038136012,다미폴리켐(주),기숙사
4038136012,다미폴리켐(주),제휴
4048103834,(주)대웅생명과학,명절
4048103834,(주)대웅생명과학,제공
4048103834,(주)대웅생명과학,선물
4048103834,(주)대웅생명과학,중식
4048103834,(주)대웅생명과학,사원판
4058107677,전일목재산업(주),지원
4058107677,전일목재산업(주),휴가
4058107677,전일목재산업(주),자녀
4058107677,전일목재산업(주),보험
4068102485,(주)원광전자,인재
4068102485,(주)원광전자,번씩
4068102485,(주)원광전자,기숙사
4068102485,(주)원광전자,운영
4068102485,(주)원광전자,각계
4068102485,(주)원광전자,진안
4088123147,(주)에너지와공조,외지
4088123147,(주)에너지와공조,기숙사
4088123147,(주)에너지와공조,10
4088123147,(주)에너지와공조,대체로
4088123147,(주)에너지와공조,잠시
4088123147,(주)에너지와공조,다른
4088123147,(주)에너지와공조,대부분
4098117181,(주)사랑방미디어,보통
4098117181,(주)사랑방미디어,오후
4098117181,(주)사랑방미디어,근무
4098117181,(주)사랑방미디어,능률
4098117181,(주)사랑방미디어,6시
4098117181,(주)사랑방미디어,5일
4098117181,(주)사랑방미디어,퇴근
4098117764,(주)그린약품,최근
4098117764,(주)그린약품,시간
4098117764,(주)그린약품,날로
4098117764,(주)그린약품,휴무
4098117764,(주)그린약품,복리
4098117764,(주)그린약품,제공
4098117764,(주)그린약품,다과
4098125319,(주)제이엔테크,동호회
4098125319,(주)제이엔테크,보험가입
4098125319,(주)제이엔테크,활동
4098149801,(주)피피아이,청년
4098149801,(주)피피아이,진행
4098149801,(주)피피아이,공제와
4098149801,(주)피피아이,설계
4098149801,(주)피피아이,생일
4098149801,(주)피피아이,식사
4098149801,(주)피피아이,상품권
4098153101,다인시스템(주),식비
4098153101,다인시스템(주),교통비
4098153101,다인시스템(주),지급
4098154186,(주)명신메디칼,차량
4098154186,(주)명신메디칼,주유
4098154186,(주)명신메디칼,연말
4098154186,(주)명신메디칼,지급
4098154186,(주)명신메디칼,자가
4098154186,(주)명신메디칼,있는
4098154186,(주)명신메디칼,가지
4098158479,(유)삼능기계,기숙사
4098158479,(유)삼능기계,제공
4098158877,(주)센도리,스크린골프
4098158877,(주)센도리,탁구장
4098158877,(주)센도리,이용
4098158877,(주)센도리,휴가
4098158877,(주)센도리,시설
4098176875,(주)오이솔루션,치과
4098176875,(주)오이솔루션,병원
4098176875,(주)오이솔루션,건강검진
4098176875,(주)오이솔루션,사내
4098184171,(주)옵토닉스,자유로운
4098184171,(주)옵토닉스,수당
4098184171,(주)옵토닉스,연차소진율
4098184171,(주)옵토닉스,장기근속자
4098184171,(주)옵토닉스,제공
4098184171,(주)옵토닉스,특별휴가
4098184171,(주)옵토닉스,2회
4098604191,(주)샤론테크,복리
4098604191,(주)샤론테크,경영
4098604191,(주)샤론테크,부분
4098604191,(주)샤론테크,많은
4098604191,(주)샤론테크,지급
4098604191,(주)샤론테크,지원이
4098604191,(주)샤론테크,식사
4098618958,(주)엠알티,이용권
4098618958,(주)엠알티,대명
4098618958,(주)엠알티,간식
4098618958,(주)엠알티,진행
4098618958,(주)엠알티,중식
4098618958,(주)엠알티,개인
4098618958,(주)엠알티,작업복
4098627189,경향셀(유),월차
4098627189,경향셀(유),중식
4098627189,경향셀(유),부분
4098627189,경향셀(유),제공
4098629853,(주)가온시스템,지정된
4098629853,(주)가온시스템,기초
4098629853,(주)가온시스템,회식
4098629853,(주)가온시스템,복리
4098629853,(주)가온시스템,분위기
4098629853,(주)가온시스템,즐거운
4098629853,(주)가온시스템,식사
4098633167,(주)코하스아이디,보험
4098633167,(주)코하스아이디,경조사
4098633167,(주)코하스아이디,지원
4098633167,(주)코하스아이디,장기
4101434586,미래로21병원,명절
4101434586,미래로21병원,휴가
4101434586,미래로21병원,경조
4101434586,미래로21병원,지급
4101434586,미래로21병원,상여금
4108110169,(주)럭키산업,근무
4108110169,(주)럭키산업,가입
4108110169,(주)럭키산업,4대보험
4108110169,(주)럭키산업,5일
4108122404,(주)가민정보시스템,장기근속
4108122404,(주)가민정보시스템,2년
4108122404,(주)가민정보시스템,산악
4108122404,(주)가민정보시스템,이상
4108122404,(주)가민정보시스템,지원
4108135632,디케이(주),모범상
4108135632,디케이(주),헬스장
4108135632,디케이(주),사내
4108135632,디케이(주),샤워시설
4108135632,디케이(주),도서관
4108135632,디케이(주),수여되면
4108135632,디케이(주),혁신상
4108139244,바자울정보기술(주),포상과
4108139244,바자울정보기술(주),지원
4108139244,바자울정보기술(주),해외연수
4108148141,(주)우리로,경조사비
4108148141,(주)우리로,자녀교육비
4108148141,(주)우리로,사내
4108150220,하남전기(주),운영
4108150220,하남전기(주),통근버스
4108150220,하남전기(주),점심
4108150690,비타민하우스(주),기숙사와
4108150690,비타민하우스(주),사원들
4108150690,비타민하우스(주),혜택들
4108150690,비타민하우스(주),휴게시설들
4108150690,비타민하우스(주),제공
4108150690,비타민하우스(주),운동
4108150690,비타민하우스(주),통근
4108151044,(주)동신밴드,크게
4108151044,(주)동신밴드,포상
4108151044,(주)동신밴드,장기
4108151044,(주)동신밴드,생산
4108151044,(주)동신밴드,직원
4108166474,뉴모텍(주),통근
4108166474,뉴모텍(주),시내
4108166474,뉴모텍(주),광주권
4108166474,뉴모텍(주),버스운행
4108166474,뉴모텍(주),사내
4108182436,(주)대정,부담
4108182436,(주)대정,복지
4108182436,(주)대정,휴가
4108182436,(주)대정,운영
4108182436,(주)대정,기숙사
4108182436,(주)대정,시스템
4108182606,(주)케이엠메디칼,근무
4108182606,(주)케이엠메디칼,4일
4108182606,(주)케이엠메디칼,시행
4108182606,(주)케이엠메디칼,1번
4108191750,한국디피에스(주),명절
4108191750,한국디피에스(주),근속
4108191750,한국디피에스(주),계휴가비
4108191750,한국디피에스(주),기업
4108191750,한국디피에스(주),차량
4108191750,한국디피에스(주),금일봉
4108191750,한국디피에스(주),연수
4108194698,(주)링크옵틱스,포상
4108194698,(주)링크옵틱스,직원
4108194698,(주)링크옵틱스,장기근속
4108194698,(주)링크옵틱스,휴게실
4108194698,(주)링크옵틱스,운동
4108196060,레드원테크놀러지(주),제도
4108196060,레드원테크놀러지(주),차원
4108196060,레드원테크놀러지(주),세부
4108196060,레드원테크놀러지(주),복지
4108196060,레드원테크놀러지(주),공개
4108196060,레드원테크놀러지(주),연가사
4108196060,레드원테크놀러지(주),용이
4108199636,(주)유프랜드,아이디어
4108199636,(주)유프랜드,다른
4108199636,(주)유프랜드,2회
4108199636,(주)유프랜드,집단
4108199636,(주)유프랜드,의복
4108199636,(주)유프랜드,뷔페식
4108199636,(주)유프랜드,지원
4108619976,(주)위치스,근속시
4108624576,(주)마로스튜디오,여성
4108666557,광주아가마지(주),일이
4108666557,광주아가마지(주),관련
4108666557,광주아가마지(주),퇴직금
4108666557,광주아가마지(주),정신건강
4108666557,광주아가마지(주),비용
4108666557,광주아가마지(주),발생
4108666557,광주아가마지(주),보험
4108681785,르노삼성자동차광산정비사업소(주),복지
4108681785,르노삼성자동차광산정비사업소(주),직원
4108681785,르노삼성자동차광산정비사업소(주),리조트
4108681785,르노삼성자동차광산정비사업소(주),여행
4108681785,르노삼성자동차광산정비사업소(주),우수
4108681785,르노삼성자동차광산정비사업소(주),회식
4108681785,르노삼성자동차광산정비사업소(주),2팀씩
4118102740,(주)에이치앤철강,휴게
4118102740,(주)에이치앤철강,중식
4118102740,(주)에이치앤철강,안마
4118107139,(주)대창식품,모두
4118107139,(주)대창식품,상여금
4118107139,(주)대창식품,휴무
4118107139,(주)대창식품,복지
4118107139,(주)대창식품,제공
4118107139,(주)대창식품,수출
4118107139,(주)대창식품,지급
4118147427,현대이엔티(주),자기계발
4118147427,현대이엔티(주),지원
4118147427,현대이엔티(주),우수사원포상
4118147427,현대이엔티(주),제안제도
4118147427,현대이엔티(주),종합
4118147427,현대이엔티(주),운영
4118147427,현대이엔티(주),운용
4118167025,(주)금화,식당
4118167025,(주)금화,휴게실
4118167025,(주)금화,기숙사
4118167025,(주)금화,체력
4168101936,한국신광마이크로애랙트로닉스(주),성과금
4168101936,한국신광마이크로애랙트로닉스(주),지급
4168101936,한국신광마이크로애랙트로닉스(주),인센티브제도
4168101936,한국신광마이크로애랙트로닉스(주),경조
4168101936,한국신광마이크로애랙트로닉스(주),어학
4168106284,(주)제철공무,볼링
4168106284,(주)제철공무,자기계발
4168106284,(주)제철공무,동호회축구
4168106284,(주)제철공무,포상
4168106284,(주)제철공무,당구
4168106703,(주)호남약품,대학
4168106703,(주)호남약품,등록
4168106703,(주)호남약품,교통
4168106703,(주)호남약품,국립
4168108695,(주)건우,휴양시설
4168108695,(주)건우,지급
4168108695,(주)건우,근속
4168108695,(주)건우,무주리조트
4168108695,(주)건우,지원
4168108695,(주)건우,30년
4168108695,(주)건우,3돈
4168146817,(주)원창,지원
4168146817,(주)원창,상품권
4168146817,(주)원창,고등학교
4168146817,(주)원창,동호회
4168146817,(주)원창,본인
4168185649,(주)엠에코,순천
4168185649,(주)엠에코,여수
4168185649,(주)엠에코,중식
4168185649,(주)엠에코,숙소
4168185649,(주)엠에코,광양
4168185649,(주)엠에코,제외
4168185649,(주)엠에코,제공
4188113044,(주)한스,특별한
4188113044,(주)한스,장기
4188113044,(주)한스,거주
4188113044,(주)한스,제도
4188113044,(주)한스,복리
4188113044,(주)한스,식비
4188113044,(주)한스,근속자
4188144848,(주)나우리,장기근속자
4188144848,(주)나우리,포상
4248100184,케이에이치이엔티(주),실시
4248100184,케이에이치이엔티(주),프로그램
4248100184,케이에이치이엔티(주),운영
4248100184,케이에이치이엔티(주),건강
4248100184,케이에이치이엔티(주),사원들의
4248100184,케이에이치이엔티(주),있다면
4248100184,케이에이치이엔티(주),검진비
5028116195,(주)서한,경조사
5028116195,(주)서한,교통비
5028116195,(주)서한,직원
5028116195,(주)서한,퇴근
5028116195,(주)서한,대학생
5028116195,(주)서한,매년
5028116195,(주)서한,20
5028119116,(주)대전사,다른
5028119116,(주)대전사,10
5028119116,(주)대전사,입사
5028149978,(주)넷블루,복리
5028149978,(주)넷블루,진행
5028149978,(주)넷블루,대부분
5028149978,(주)넷블루,제도
5028149978,(주)넷블루,인센티브
5028149978,(주)넷블루,성과금
5028149978,(주)넷블루,센티
5028151926,(주)포위즈시스템,지원
5028151926,(주)포위즈시스템,대학
5028151926,(주)포위즈시스템,자녀
5028151926,(주)포위즈시스템,이상
5028151926,(주)포위즈시스템,선물
5028151926,(주)포위즈시스템,학자금
5028151926,(주)포위즈시스템,연수
5028152487,(주)코그,초음파
5028152487,(주)코그,휴가
5028152487,(주)코그,건강검진내시경
5028152487,(주)코그,개인
5028152487,(주)코그,포함
5028152487,(주)코그,오피
5028152487,(주)코그,직원
5028194212,갬콤(주),계휴가비
5028194212,갬콤(주),연차수당
5028194212,갬콤(주),출장
5028603583,(주)오상인터내셔널,시설
5028603583,(주)오상인터내셔널,족구장이
5028603583,(주)오상인터내셔널,휴게실
5028603583,(주)오상인터내셔널,교통비
5028603583,(주)오상인터내셔널,직원
5028603583,(주)오상인터내셔널,헬스장
5028603583,(주)오상인터내셔널,식비
5038119351,(주)티에이치엔,근무
5038119351,(주)티에이치엔,박람회
5038119351,(주)티에이치엔,유치원
5038119351,(주)티에이치엔,여행경비
5038119351,(주)티에이치엔,30년
5038119351,(주)티에이치엔,자녀의
5038119351,(주)티에이치엔,다양한
5038129897,(주)캐프,직무
5038129897,(주)캐프,3식
5038129897,(주)캐프,1일
5038129897,(주)캐프,무상
5038129897,(주)캐프,향상
5038162033,(주)대성엔지니어링,직원
5038162033,(주)대성엔지니어링,지원
5038162033,(주)대성엔지니어링,동호회
5038166500,(주)진영알앤에스,지원금
5038166500,(주)진영알앤에스,학비
5038166500,(주)진영알앤에스,자녀
5038166500,(주)진영알앤에스,장기근속
5038166500,(주)진영알앤에스,포상
5038170718,(주)떡파는사람들,사내
5038170718,(주)떡파는사람들,장기근속자
5038170718,(주)떡파는사람들,여행비지원
5038170718,(주)떡파는사람들,배치
5038170718,(주)떡파는사람들,경조사
5038170718,(주)떡파는사람들,출산
5038170718,(주)떡파는사람들,휴게실
5038171134,(주)민영산업,지원
5038171134,(주)민영산업,식사
5038171134,(주)민영산업,통한
5038171134,(주)민영산업,경조
5038171134,(주)민영산업,기숙
5038171134,(주)민영산업,제공
5038181286,탑테크(주),학비
5038181286,탑테크(주),자녀
5038181286,탑테크(주),지원
5038181291,(주)세신정밀,사외
5038181291,(주)세신정밀,기숙사
5038181291,(주)세신정밀,완비사내
5038181291,(주)세신정밀,통근버스
5038185133,(주)대동에스엠,기본
5038185133,(주)대동에스엠,관리직
5038185133,(주)대동에스엠,중식
5038185133,(주)대동에스엠,직급
5038185133,(주)대동에스엠,포상
5038185133,(주)대동에스엠,풋살
5038185133,(주)대동에스엠,해외
5038613629,(주)쓰리에이치,육아
5038613629,(주)쓰리에이치,출근
5038613629,(주)쓰리에이치,직장인들
5038613629,(주)쓰리에이치,점들
5038613629,(주)쓰리에이치,근무시간
5038613629,(주)쓰리에이치,40시간
5038613629,(주)쓰리에이치,관련
5043087734,벽진BIO텍,간의
5043087734,벽진BIO텍,명절선물과
5043087734,벽진BIO텍,체육
5048122674,(주)구일엔지니어링,1회
5048129226,극동씰테크(주),등록
5048129226,극동씰테크(주),후생
5048129226,극동씰테크(주),복리
5048129226,극동씰테크(주),있는
5048129226,극동씰테크(주),모두
5048129226,극동씰테크(주),고용
5048158357,(주)한아아이티,지원
5048158357,(주)한아아이티,자기계발비
5048158357,(주)한아아이티,통신비
5048158357,(주)한아아이티,차량
5058105509,(주)제일금속,중식
5058105509,(주)제일금속,이용
5058105509,(주)제일금속,구내식당
5058105509,(주)제일금속,거주
5058105509,(주)제일금속,우리
5058105509,(주)제일금속,운영
5058105509,(주)제일금속,다른
5058126969,(주)미정,보험
5058126969,(주)미정,능력
5058126969,(주)미정,사업
5058126969,(주)미정,혜택
5058126969,(주)미정,매년
5058126969,(주)미정,공제
5058126969,(주)미정,원금
5058130876,대진하이텍(주),다른
5058130876,대진하이텍(주),근처
5058130876,대진하이텍(주),이용
5058130876,대진하이텍(주),점심
5058130876,대진하이텍(주),저녁
5058130876,대진하이텍(주),공장
5058130876,대진하이텍(주),아파트
5058136526,(주)선일플라스틱,지원
5058136526,(주)선일플라스틱,구매
5058136526,(주)선일플라스틱,통근
5058136526,(주)선일플라스틱,의견
5058136526,(주)선일플라스틱,도서
5058136526,(주)선일플라스틱,버스
5068147012,(주)와이테크,지원
5068147012,(주)와이테크,자녀
5068147012,(주)와이테크,수당
5068147012,(주)와이테크,지급
5088108806,(주)동양기술단,기름값
5088108806,(주)동양기술단,발생하는
5088108806,(주)동양기술단,지원
5088110466,(주)민속한우,근속
5088110466,(주)민속한우,5년
5088110466,(주)민속한우,근무
5088127860,농업회사법인(주)민속엘피씨,근속
5088127860,농업회사법인(주)민속엘피씨,5년
5088127860,농업회사법인(주)민속엘피씨,근무
5138100048,대아산업(주),자녀의
5138100048,대아산업(주),전액
5138100048,대아산업(주),고등학교
5138100048,대아산업(주),40
5138100048,대아산업(주),보험
5138113825,(주)신창메디칼,제공
5138113825,(주)신창메디칼,기숙사
5138113825,(주)신창메디칼,통근버스
5138113825,(주)신창메디칼,지원
5138113825,(주)신창메디칼,자녀
5138116496,아주스틸(주),본인
5138123304,케이디지전자(주),지급
5138123304,케이디지전자(주),교통비
5138144181,(주)티아이,지원
5138144181,(주)티아이,써클
5138144181,(주)티아이,포상
5138144181,(주)티아이,경조사비
5138144181,(주)티아이,활동
5138144181,(주)티아이,장기근속
5138144181,(주)티아이,사내
5138154694,(주)석원,직원
5138154694,(주)석원,휴게실
5138154694,(주)석원,사내
5142569442,여성아이병원,무료
5142569442,여성아이병원,10년
5142569442,여성아이병원,지급
5142569442,여성아이병원,장기
5142569442,여성아이병원,식비
5142569442,여성아이병원,연수
5142569442,여성아이병원,수당
5148122180,(주)맥스로텍,50
5148122180,(주)맥스로텍,혜택
5148122180,(주)맥스로텍,학자금
5148122180,(주)맥스로텍,육아
5148132524,(주)보국전자,자녀
5148132524,(주)보국전자,출산휴가
5148132524,(주)보국전자,육아휴직
5148132524,(주)보국전자,만들기
5148132524,(주)보국전자,대학생
5148132524,(주)보국전자,학자금
5148132524,(주)보국전자,지원
5148149739,금오캐스트(주),정규
5148149739,금오캐스트(주),입사
5148149739,금오캐스트(주),교육
5148162144,(주)에스이코리아,비용
5148162144,(주)에스이코리아,직위
5148162144,(주)에스이코리아,지원
5148162144,(주)에스이코리아,필요한
5148162144,(주)에스이코리아,자기계발
5148162144,(주)에스이코리아,대부분
5148162144,(주)에스이코리아,거의
5148171890,신성에스앤티(주),직원들의
5148171890,신성에스앤티(주),축구
5148171890,신성에스앤티(주),탈의실
5148171890,신성에스앤티(주),동아리활동야구
5148171890,신성에스앤티(주),샤워실
5148171890,신성에스앤티(주),휴게실
5148171890,신성에스앤티(주),간의
5149157484,이시아연세병원,직원
5150194628,뚝배기식품,차량
5150194628,뚝배기식품,유지비
5150194628,뚝배기식품,제공
5150194628,뚝배기식품,중식
5150194628,뚝배기식품,자녀
5158105734,(주)세명기업,지급
5158105734,(주)세명기업,자녀학자금
5158105734,(주)세명기업,휴가
5158105734,(주)세명기업,월동
5158107635,아진산업(주),지원
5158107635,아진산업(주),임직원
5158107635,아진산업(주),회식비
5158107635,아진산업(주),생산직
5158107635,아진산업(주),학자금
5158107635,아진산업(주),복무
5158107635,아진산업(주),장기
5158123708,(주)트리엔,공제
5158123708,(주)트리엔,운영
5158123708,(주)트리엔,보험
5158123708,(주)트리엔,모든
5158123708,(주)트리엔,식대
5158123708,(주)트리엔,자체
5158123708,(주)트리엔,제공
5158130534,대한메탈(주),사내족구대회
5158130534,대한메탈(주),가족
5158130534,대한메탈(주),주요
5158130534,대한메탈(주),복리
5158130534,대한메탈(주),모두
5158130534,대한메탈(주),좋은
5158130534,대한메탈(주),분위기
5158131630,(주)컴퓨터메이트,사옥
5158131630,(주)컴퓨터메이트,가게
5158131630,(주)컴퓨터메이트,출장
5158131630,(주)컴퓨터메이트,외근
5158131630,(주)컴퓨터메이트,휴게
5158133604,(주)홍성건설,100
5158135844,농업회사법인아람농장(주),교육
5158137385,욱일산업(주),의료
5158148709,(주)브라이튼,지식
5158148709,(주)브라이튼,서로간
5158148709,(주)브라이튼,공유
5178800087,(주)테스트웍스,연금
5178800087,(주)테스트웍스,기기
5178800087,(주)테스트웍스,노트북
5178800087,(주)테스트웍스,스마트
5178800087,(주)테스트웍스,4대
5178800087,(주)테스트웍스,장애
5178800087,(주)테스트웍스,건강
5488600471,(주)이스트시큐리티,복지
5488600471,(주)이스트시큐리티,제주
5488600471,(주)이스트시큐리티,아침
5488600471,(주)이스트시큐리티,300만
5488600471,(주)이스트시큐리티,간식
5488600471,(주)이스트시큐리티,휴가
5488600471,(주)이스트시큐리티,6년
5518700154,(주)더블유피,지원
5518700154,(주)더블유피,기숙사
5688200142,희망을심는나무사회적협동조합,이상
5688200142,희망을심는나무사회적협동조합,5년
5688200142,희망을심는나무사회적협동조합,근무
5818100060,(유)베리카화장품,생산
5818100060,(유)베리카화장품,제품
5818100060,(유)베리카화장품,급여
5818100060,(유)베리카화장품,개발
5818100060,(유)베리카화장품,높은
5818100060,(유)베리카화장품,발전
5818100060,(유)베리카화장품,비례
6018118506,(주)토탈소프트뱅크,포상
6018118506,(주)토탈소프트뱅크,경조휴
6018118506,(주)토탈소프트뱅크,장기
6018118506,(주)토탈소프트뱅크,주5일
6018118506,(주)토탈소프트뱅크,근무
6018118506,(주)토탈소프트뱅크,보험
6018118506,(주)토탈소프트뱅크,5일
6038107586,(주)동성화학,해외연수
6038107586,(주)동성화학,환경
6038107586,(주)동성화학,국내우수사원
6038107586,(주)동성화학,식사
6038107586,(주)동성화학,사내
6038107586,(주)동성화학,정원
6038122985,일진엔티에스(주),포상
6038122985,일진엔티에스(주),직원
6038122985,일진엔티에스(주),식비
6038122985,일진엔티에스(주),지급
6038122985,일진엔티에스(주),장기근속
6038122985,일진엔티에스(주),휴게실
6038122985,일진엔티에스(주),교통비
6038133707,삼덕통상(주),직원
6038133707,삼덕통상(주),1인
6038133707,삼덕통상(주),휴게실
6038133707,삼덕통상(주),제공
6038133707,삼덕통상(주),운동실
6038133707,삼덕통상(주),기숙사
6038133707,삼덕통상(주),마련
6038150991,선보유니텍(주),생애
6038150991,선보유니텍(주),생일
6038150991,선보유니텍(주),축하
6038150991,선보유니텍(주),주택
6038158407,(주)남광식품,직원
6038158407,(주)남광식품,정기
6038158407,(주)남광식품,조만간
6038158407,(주)남광식품,계획
6038158407,(주)남광식품,해외
6038158407,(주)남광식품,진행
6038158407,(주)남광식품,활동
6050679075,디자인글꼴,직장맘
6050679075,디자인글꼴,지급
6050679075,디자인글꼴,성과
6050679075,디자인글꼴,진행
6050679075,디자인글꼴,워크샵
6050679075,디자인글꼴,상담
6050679075,디자인글꼴,지원
6058129534,(주)성창,등록금
6058129534,(주)성창,희망
6058129534,(주)성창,지원
6058129534,(주)성창,학비
6058129534,(주)성창,식비
6058129534,(주)성창,금도
6058129534,(주)성창,자녀
6058168600,(주)이정이앤씨,수렴
6058168600,(주)이정이앤씨,소통
6058168600,(주)이정이앤씨,음료
6058168600,(주)이정이앤씨,시간
6058168600,(주)이정이앤씨,커피
6058168600,(주)이정이앤씨,매년
6058168600,(주)이정이앤씨,퇴직
6068104822,(주)대성철강,사내
6068158629,(주)대흥기전,출퇴근
6068158629,(주)대흥기전,노력
6068158629,(주)대흥기전,편의
6068158629,(주)대흥기전,30분
6068158629,(주)대흥기전,화합
6068158629,(주)대흥기전,이때
6068158629,(주)대흥기전,17시
6068161634,(주)부미,일이
6068161634,(주)부미,기초
6068161634,(주)부미,자녀
6068161634,(주)부미,복지
6068161634,(주)부미,학자금
6068161634,(주)부미,나라
6068161634,(주)부미,무조건
6068170604,(주)웹스,차량
6068170604,(주)웹스,지급
6068170604,(주)웹스,자녀
6068170604,(주)웹스,학비
6068170604,(주)웹스,직원
6068602004,아세아전기(주),근무
6068624309,(주)아산정밀,직원
6068624309,(주)아산정밀,휴게실과
6068624309,(주)아산정밀,구내식당
6078118668,한국종합환경산업(주),매월
6078118668,한국종합환경산업(주),마지
6078118668,한국종합환경산업(주),문화
6078612048,청우중공업(주),보험
6078612048,청우중공업(주),종합
6078612048,청우중공업(주),우수
6088128664,영풍전자(주),골프
6088128664,영풍전자(주),탁구장
6088128664,영풍전자(주),연습
6098108002,티아이씨(주),노사
6098108002,티아이씨(주),후생
6098108002,티아이씨(주),제도
6098108002,티아이씨(주),종업원
6098108002,티아이씨(주),복리
6098108002,티아이씨(주),관리
6098108002,티아이씨(주),마주
6098123871,창원정공(주),근무복
6098123871,창원정공(주),식사비용
6098123871,창원정공(주),제공
6098138864,(주)동구기업,식당
6098138864,(주)동구기업,기숙사
6098138864,(주)동구기업,직원
6098150534,(주)윈트,교통비
6098150534,(주)윈트,자녀
6098150534,(주)윈트,일부
6098150534,(주)윈트,식비와
6098150534,(주)윈트,학자금
6098150534,(주)윈트,제공
6098150534,(주)윈트,기숙
6098181717,(주)에스에이테크,구내식당
6098181717,(주)에스에이테크,명절
6098607838,(주)사람과기술,상황
6098607838,(주)사람과기술,기반
6098607838,(주)사람과기술,다지
6098607838,(주)사람과기술,있는
6098607838,(주)사람과기술,준비
6098607838,(주)사람과기술,수준
6099210353,세종내과영상의학과의원,보험
6099210353,세종내과영상의학과의원,자기
6099210353,세종내과영상의학과의원,부여
6099210353,세종내과영상의학과의원,중식
6099210353,세종내과영상의학과의원,직원
6099210353,세종내과영상의학과의원,병원
6099210353,세종내과영상의학과의원,복리
6108105494,한국알콜산업(주),사택
6108105494,한국알콜산업(주),임직원
6108105494,한국알콜산업(주),제공
6108105494,한국알콜산업(주),기숙
6108106722,한주금속(주),전근로자
6108106722,한주금속(주),운영
6108106722,한주금속(주),부부동반
6108106722,한주금속(주),15년
6108106722,한주금속(주),10년
6108106722,한주금속(주),정기건강검진
6108106722,한주금속(주),아파트
6108111429,진산선무(주),지원
6108111429,진산선무(주),납품
6108111429,진산선무(주),통신비
6108111429,진산선무(주),수당
6108111429,진산선무(주),별도
6108113975,(주)제이콘,지원
6108113975,(주)제이콘,휴일
6108113975,(주)제이콘,중식
6108138559,(주)하이인텍,제공
6108138559,(주)하이인텍,건강
6108138559,(주)하이인텍,30
6108138559,(주)하이인텍,기숙사
6108138559,(주)하이인텍,구내식당
6108138559,(주)하이인텍,사내
6108138559,(주)하이인텍,휴게
6108197581,(주)한국도시측량공사,보험
6108197581,(주)한국도시측량공사,중식제공
6108197581,(주)한국도시측량공사,피복제공
6108199255,(주)엔코아네트웍스,교육
6108199255,(주)엔코아네트웍스,워크숍
6108199255,(주)엔코아네트웍스,신입사원
6108199255,(주)엔코아네트웍스,지원
6108199255,(주)엔코아네트웍스,도서구입비
6138100391,(주)신흥,지급
6138100391,(주)신흥,사내
6138100391,(주)신흥,운영
6138100391,(주)신흥,많은
6138100391,(주)신흥,자녀
6138100391,(주)신흥,지원
6138100391,(주)신흥,보험
6138101876,남강제지(주),사기
6138101876,남강제지(주),사내
6138101876,남강제지(주),예정
6138101876,남강제지(주),식비
6138101876,남강제지(주),차후
6138101876,남강제지(주),교통비
6138101876,남강제지(주),증진
6138121213,아미코젠(주),사내
6138121213,아미코젠(주),장기근속자
6138121213,아미코젠(주),포상휴가
6138121213,아미코젠(주),운영
6138121213,아미코젠(주),카페테리아
6138138112,(주)굿링크,지급
6138138112,(주)굿링크,지원
6138138112,(주)굿링크,축하
6138138112,(주)굿링크,주거
6138138112,(주)굿링크,수당
6138138112,(주)굿링크,자격
6138138112,(주)굿링크,체력
6138139182,에스앤케이항공(주),고용보험
6138139182,에스앤케이항공(주),4대보험국민연금
6138139182,에스앤케이항공(주),매년
6138139182,에스앤케이항공(주),결혼기념일
6138139182,에스앤케이항공(주),산재
6138139182,에스앤케이항공(주),인센티브
6138139182,에스앤케이항공(주),족구
6138164930,(주)에코맘의산골이유식농업회사법인,제공
6138164930,(주)에코맘의산골이유식농업회사법인,기숙사
6138164930,(주)에코맘의산골이유식농업회사법인,통근
6138164930,(주)에코맘의산골이유식농업회사법인,차량
6138164930,(주)에코맘의산골이유식농업회사법인,운행
6138169745,진주우리먹거리협동조합진주텃밭,중소기업
6138169745,진주우리먹거리협동조합진주텃밭,2021년
6138169745,진주우리먹거리협동조합진주텃밭,임원들
6138169745,진주우리먹거리협동조합진주텃밭,직원
6138169745,진주우리먹거리협동조합진주텃밭,근로자
6138169745,진주우리먹거리협동조합진주텃밭,요구
6138169745,진주우리먹거리협동조합진주텃밭,식비
6138170688,국제하우징(유),물류
6138170688,국제하우징(유),여름휴가비
6138170688,국제하우징(유),명절휴가비
6138170688,국제하우징(유),법정
6138170688,국제하우징(유),우수사원
6138170688,국제하우징(유),해외
6138170688,국제하우징(유),서비스
6138173462,(주)에이엔에이치스트럭쳐,근로자
6138173462,(주)에이엔에이치스트럭쳐,매년
6138173462,(주)에이엔에이치스트럭쳐,제공
6138173462,(주)에이엔에이치스트럭쳐,휴가
6138173462,(주)에이엔에이치스트럭쳐,일과
6138173462,(주)에이엔에이치스트럭쳐,파견
6138173462,(주)에이엔에이치스트럭쳐,근속자
6139620635,제일병원,지원
6139620635,제일병원,휴가
6139620635,제일병원,보육비
6139620635,제일병원,구내식당
6139620635,제일병원,안마
6158110463,(주)대정금속,보험
6158110463,(주)대정금속,통근
6158110463,(주)대정금속,운행
6158127149,(주)동신모텍,기숙사
6158127149,(주)동신모텍,통근
6158127149,(주)동신모텍,주5일
6158127149,(주)동신모텍,근무
6158127149,(주)동신모텍,휴가
6158127149,(주)동신모텍,불편한
6158127149,(주)동신모텍,운영
6158137628,(주)명성,원금
6158137628,(주)명성,포상
6158137628,(주)명성,유럽
6158137628,(주)명성,뛰어난
6158137628,(주)명성,등산
6158137628,(주)명성,일본
6158137628,(주)명성,장기
6158156436,금강메탈(주),사용
6158156436,금강메탈(주),우리
6158156436,금강메탈(주),기숙사
6158156436,금강메탈(주),1일
6158156436,금강메탈(주),요구
6158156436,금강메탈(주),지원들
6158156436,금강메탈(주),지불
6158170457,(주)신광식품,지원
6158180348,(주)대명특장차,청년
6158180348,(주)대명특장차,시청
6158180348,(주)대명특장차,제공
6158180348,(주)대명특장차,텔레비전
6158180348,(주)대명특장차,공제
6158180348,(주)대명특장차,관련
6158180348,(주)대명특장차,개월
6158186148,(주)엔디케이,장기
6158186148,(주)엔디케이,식비
6158186148,(주)엔디케이,기숙사
6158186148,(주)엔디케이,직원
6158186148,(주)엔디케이,휴게실
6158186148,(주)엔디케이,포상
6158186148,(주)엔디케이,근속
6158186696,(주)대산플랜트,출퇴근
6158186696,(주)대산플랜트,기숙사
6158186696,(주)대산플랜트,연차
6158186696,(주)대산플랜트,보험
6158186696,(주)대산플랜트,차량
6168128632,(주)아트피큐,운영
6168128632,(주)아트피큐,지원
6168136511,(주)뭉치,가족
6168158155,(주)제이피엠,건강검진
6168158155,(주)제이피엠,지원
6168158155,(주)제이피엠,헬스
6168158155,(주)제이피엠,명절
6168158155,(주)제이피엠,상당
6168158155,(주)제이피엠,대출
6168158155,(주)제이피엠,차량
6168168895,(주)종합건축사사무소그룹케이,현지
6168168895,(주)종합건축사사무소그룹케이,캄보디아
6168168895,(주)종합건축사사무소그룹케이,기본
6168168895,(주)종합건축사사무소그룹케이,건축
6168168895,(주)종합건축사사무소그룹케이,직접
6168168895,(주)종합건축사사무소그룹케이,정해진
6168168895,(주)종합건축사사무소그룹케이,있는
6168612469,(주)제주카카,저녁
6168612469,(주)제주카카,성수기
6168612469,(주)제주카카,연휴
6168612469,(주)제주카카,어린이날
6168612469,(주)제주카카,점심
6168612469,(주)제주카카,명절
6168612469,(주)제주카카,식사
6168614036,(주)제우스,운영
6168614036,(주)제우스,구내식당
6168614036,(주)제우스,전체
6168614036,(주)제우스,분기별
6168614036,(주)제우스,회식
6178164999,유비시스(주),발전
6178164999,유비시스(주),더욱
6178164999,유비시스(주),업계
6178164999,유비시스(주),다양한
6178164999,유비시스(주),세미나
6178164999,유비시스(주),계기
6178164999,유비시스(주),대표
6178165421,(주)조아라,출산
6178165421,(주)조아라,해외
6178165421,(주)조아라,한도
6178165421,(주)조아라,결혼
6178165421,(주)조아라,부모님
6178165421,(주)조아라,리조트
6178165421,(주)조아라,10
6178170680,(주)푸드엔,포상
6178170680,(주)푸드엔,임직원
6178170680,(주)푸드엔,매년
6178170680,(주)푸드엔,기회
6178170680,(주)푸드엔,인원
6178170680,(주)푸드엔,해당
6178170680,(주)푸드엔,기준
6188108291,(주)오토닉스,포상
6188108291,(주)오토닉스,구입
6188108291,(주)오토닉스,인재
6188108291,(주)오토닉스,모범사원
6188108291,(주)오토닉스,우수
6188108291,(주)오토닉스,진학
6188108291,(주)오토닉스,석박사
6208109463,삼양철강(주),차량
6208109463,삼양철강(주),직원
6208109463,삼양철강(주),자녀
6208109463,삼양철강(주),대학교
6208109463,삼양철강(주),외근직
6208109463,삼양철강(주),지원
6208109463,삼양철강(주),학자금
6208116998,(주)한국몰드,지원
6208116998,(주)한국몰드,자녀학자금
6208116998,(주)한국몰드,장기근속자
6208116998,(주)한국몰드,포상
6208133833,린노알미늄(주),사업
6208133833,린노알미늄(주),지원
6208133833,린노알미늄(주),휴가
6208133833,린노알미늄(주),기준
6208133833,린노알미늄(주),생각
6208133833,린노알미늄(주),부분
6208133833,린노알미늄(주),연차
6208135603,(주)지테크,중식
6208135603,(주)지테크,교통비
6208135603,(주)지테크,자녀
6218101635,(주)디알비동일,지원
6218101635,(주)디알비동일,통한
6218101635,(주)디알비동일,동호회
6218101635,(주)디알비동일,자녀
6218101635,(주)디알비동일,고충상담
6218101635,(주)디알비동일,활동
6218101635,(주)디알비동일,학자금
6218109170,(주)영케미칼,우수
6218109170,(주)영케미칼,통한
6218109170,(주)영케미칼,제공
6218109170,(주)영케미칼,점심식사
6218109170,(주)영케미칼,저녁식사
6218109170,(주)영케미칼,사원
6218109170,(주)영케미칼,음료
6218114106,(주)디알액시온,사택
6218114106,(주)디알액시온,학자금
6218114106,(주)디알액시온,근로복지
6218114106,(주)디알액시온,지원
6218114106,(주)디알액시온,편의시설
6218114106,(주)디알액시온,기숙사
6218114106,(주)디알액시온,장기
6218129249,(주)아진엑스텍,수면실
6218129249,(주)아진엑스텍,운동시설
6218129249,(주)아진엑스텍,안마의자
6218129249,(주)아진엑스텍,휴가
6218129249,(주)아진엑스텍,배치
6218129249,(주)아진엑스텍,석사
6218129249,(주)아진엑스텍,사원
6218131371,(주)화인테크놀리지,상여금
6218131371,(주)화인테크놀리지,퇴직금
6218131371,(주)화인테크놀리지,연차
6218138582,(주)크리에이텍,다양한
6218138582,(주)크리에이텍,이용
6218138582,(주)크리에이텍,부담
6218138582,(주)크리에이텍,불가피한
6218138582,(주)크리에이텍,근무
6218138582,(주)크리에이텍,복리
6218138582,(주)크리에이텍,제공
6218139752,대한정밀공업(주),산악
6218139752,대한정밀공업(주),동호
6218145142,(주)동인,작년
6218145142,(주)동인,기숙
6218145142,(주)동인,기준
6218152702,국성폴리텍(주),교통비
6218152702,국성폴리텍(주),지급
6218152702,국성폴리텍(주),자녀대학학자금
6218152702,국성폴리텍(주),간식
6218152702,국성폴리텍(주),경조사비
6228119666,(주)성일,동호회
6228119666,(주)성일,이상
6228119666,(주)성일,우수사원
6228119666,(주)성일,활동5인
6228119666,(주)성일,가족
6278800384,(주)산타,프로젝트
6278800384,(주)산타,근무
6278800384,(주)산타,부산
6278800384,(주)산타,소비
6278800384,(주)산타,이용
6278800384,(주)산타,취지
6278800384,(주)산타,진출
6528700078,한국통합민원센터(주),제도
6528700078,한국통합민원센터(주),지원
6528700078,한국통합민원센터(주),휴가
6528700078,한국통합민원센터(주),교육
6528700078,한국통합민원센터(주),대해
6528700078,한국통합민원센터(주),명절
6528700078,한국통합민원센터(주),허가
7788100136,(주)스튜디오뿌리,도서구입비
7788100136,(주)스튜디오뿌리,운동비
7788100136,(주)스튜디오뿌리,연구개발
7788100136,(주)스튜디오뿌리,휴가
7788100136,(주)스튜디오뿌리,지원
7788100136,(주)스튜디오뿌리,장기
7788100136,(주)스튜디오뿌리,해외
8388800043,(유)공간디자인,보험
8388800043,(유)공간디자인,상여금
8388800043,(유)공간디자인,정수기
8388800043,(유)공간디자인,12월
8388800043,(유)공간디자인,근로시간
8388800043,(유)공간디자인,작년
8388800043,(유)공간디자인,노동법
8698600437,(주)이앤에이치,식비
8698600437,(주)이앤에이치,교통비
8698600437,(주)이앤에이치,다른
8698600437,(주)이앤에이치,복지포인트
8698600437,(주)이앤에이치,리조트
8698600437,(주)이앤에이치,자기개발
8698600437,(주)이앤에이치,자녀
8738100260,(주)엘케이,계획
8738100260,(주)엘케이,화합
8738100260,(주)엘케이,모임
8738100260,(주)엘케이,복리
8738100260,(주)엘케이,우리
8738100260,(주)엘케이,회식
8738100260,(주)엘케이,직원
